{
  "width": 800,
  "height": 600,
  "type": "model-layer",
  "translate": {
    "x": 0,
    "y": 150.75
  },
  "scale": {
    "x": 0.6875,
    "y": 0.6875
  },
  "components": [
    {
      "type": "triangle",
      "xx": 0,
      "x1": 370.90909090909093,
      "y1": 180.18181818181816,
      "x2": 320.90909090909093,
      "y2": 280.18181818181813,
      "x3": 420.90909090909093,
      "y3": 280.18181818181813,
      "fillStyle": "#fff",
      "strokeStyle": "#000",
      "alpha": 1,
      "hidden": false,
      "lineWidth": 1,
      "lineDash": "solid",
      "lineCap": "butt",
      "rotation": 0
    }
  ]
}